{
  "q_table": {
    "1,7|drink|normal": {
      "advance": 0.0,
      "hide": 0.0,
      "attack": 0.0
    },
    "2,10|look_front|normal": {
      "advance": 0.0,
      "hide": 0.0,
      "attack": 0.0
    },
    "3,11|drink|normal": {
      "advance": 0.0,
      "hide": 0.0,
      "attack": 0.0
    },
    "4,12|drink|normal": {
      "advance": 0.0,
      "hide": 0.0,
      "attack": 0.0
    },
    "18,0|look_left|normal": {
      "advance": -95.76088417247838,
      "hide": -0.9999999999999996,
      "attack": -0.9999999999999996
    },
    "18,0|look_right|normal": {
      "advance": -0.999999999990615,
      "hide": -0.999999999990615,
      "attack": -0.9999999999895721
    },
    "17,1|look_left|normal": {
      "advance": -0.9999672081495214,
      "hide": -0.9999635646105794,
      "attack": -0.9999635646105794
    },
    "16,2|drink|normal": {
      "advance": -0.9993038013908692,
      "hide": -16.471,
      "attack": -0.9993038013908692
    },
    "15,3|look_left|normal": {
      "advance": -0.8784233454094308,
      "hide": -0.8784233454094308,
      "attack": -0.8649148282327008
    },
    "14,4|look_front|normal": {
      "advance": -0.7458134171671,
      "hide": -9.181000000000001,
      "attack": -0.7458134171671
    },
    "13,5|look_right|normal": {
      "advance": -0.19,
      "hide": -10.090000000000002,
      "attack": -0.19
    },
    "18,0|drink|normal": {
      "advance": -0.9999999999915534,
      "hide": -0.9999999999915534,
      "attack": -0.999999999990615
    },
    "18,0|look_left|hidden": {
      "advance": -71.7570463519,
      "hide": -0.9999999988052162,
      "attack": -0.9999999988052162
    },
    "17,1|drink|normal": {
      "advance": -0.999978485266901,
      "hide": -0.999978485266901,
      "attack": -0.9999760947410011
    },
    "15,3|look_front|normal": {
      "advance": -0.9282102012308148,
      "hide": -0.9282102012308148,
      "attack": -0.9202335569231275
    },
    "14,4|drink|normal": {
      "advance": -0.6125795110000001,
      "hide": -10.171000000000001,
      "attack": -0.6125795110000001
    },
    "13,5|look_front|normal": {
      "advance": -10.368559000000001,
      "hide": -10.421703100000002,
      "attack": -0.46855900000000006
    },
    "12,6|drink|normal": {
      "advance": -9.1,
      "hide": -0.19,
      "attack": -0.1
    },
    "11,7|drink|normal": {
      "advance": -10.0,
      "hide": -0.19,
      "attack": 10.0
    },
    "10,8|drink|normal": {
      "advance": -0.1,
      "hide": 0.0,
      "attack": 0.0
    },
    "9,9|look_front|normal": {
      "advance": 0.0,
      "hide": 0.0,
      "attack": 0.0
    },
    "9,10|look_left|normal": {
      "advance": 0.0,
      "hide": 0.0,
      "attack": 0.0
    },
    "18,0|look_front|normal": {
      "advance": -0.9999999999950124,
      "hide": -0.9999999999944582,
      "attack": -0.9999999999944582
    },
    "15,3|look_right|normal": {
      "advance": -0.94185026299696,
      "hide": -0.9353891811077333,
      "attack": -0.9353891811077333
    },
    "17,1|look_front|hidden": {
      "advance": -0.9948462247926799,
      "hide": -0.9942735831029776,
      "attack": -0.9942735831029776
    },
    "14,4|look_right|normal": {
      "advance": -0.6125795110000001,
      "hide": -10.243900000000002,
      "attack": -0.5695327900000001
    },
    "13,5|drink|normal": {
      "advance": -10.243900000000002,
      "hide": -5.3046720999999994,
      "attack": -10.171000000000001
    },
    "NEXT_KEY_TODO": {
      "advance": 0.0,
      "hide": 0.0,
      "attack": 0.0
    },
    "17,1|look_front|normal": {
      "advance": -0.9999444667132745,
      "hide": -0.9999444667132745,
      "attack": -0.9999382963480828
    },
    "16,2|look_left|normal": {
      "advance": -0.9993038013908692,
      "hide": -26.43661,
      "attack": -0.9992264459898547
    },
    "13,5|look_left|normal": {
      "advance": -10.30951,
      "hide": -10.368559000000001,
      "attack": -19.0
    },
    "TERMINAL": {
      "advance": 0.0,
      "hide": 0.0,
      "attack": 0.0
    },
    "17,1|look_left|hidden": {
      "advance": -0.9962428978738638,
      "hide": -0.9958254420820708,
      "attack": -0.9958254420820708
    },
    "15,3|look_left|hidden": {
      "advance": -10.0,
      "hide": -10.0,
      "attack": -0.94185026299696
    },
    "18,0|drink|hidden": {
      "advance": -0.9999998309981739,
      "hide": -0.9999998309981739,
      "attack": -0.9999998309981739
    },
    "17,1|look_right|normal": {
      "advance": -0.9999672081495214,
      "hide": -0.9999635646105794,
      "attack": -0.9999635646105794
    },
    "16,2|look_right|normal": {
      "advance": -0.9994924712139436,
      "hide": -16.21441,
      "attack": -0.9994360791266039
    },
    "13,5|look_left|attacking": {
      "advance": -1.6263443123861494,
      "hide": -9.017689979491362,
      "attack": -10.897534965295042
    },
    "11,7|look_left|attacking": {
      "advance": -7.565634981482033,
      "hide": -11.300979444275423,
      "attack": -22.729431286050065
    },
    "9,9|look_right|attacking": {
      "advance": -95.03749202465167,
      "hide": -95.40673963354793,
      "attack": -83.92642417026849
    },
    "9,11|look_left|attacking": {
      "advance": -65.13215599,
      "hide": -65.13215599,
      "attack": -65.13215599
    },
    "16,2|look_front|attacking": {
      "advance": -0.9999998631085208,
      "hide": -0.9999998767976688,
      "attack": -0.9999998478983565
    },
    "14,4|look_left|attacking": {
      "advance": -0.9999999911553294,
      "hide": -0.9999999901725882,
      "attack": -0.9999999901725882
    },
    "12,6|look_front|attacking": {
      "advance": -10.9,
      "hide": -5.735138825307497,
      "attack": -11.683325101019904
    },
    "10,8|look_right|attacking": {
      "advance": -82.10934101918482,
      "hide": -97.87323937601857,
      "attack": -88.0342129578315
    },
    "18,0|look_front|hidden": {
      "advance": -0.9999997424145313,
      "hide": -0.9999997424145313,
      "attack": -0.9999997424145313
    },
    "16,2|look_front|normal": {
      "advance": -0.9992264459898547,
      "hide": -19.867381743703003,
      "attack": -0.9992264459898547
    },
    "11,7|look_front|normal": {
      "advance": -0.1,
      "hide": -0.1,
      "attack": 0.0
    },
    "9,9|drink|normal": {
      "advance": -0.1,
      "hide": -10.0,
      "attack": 0.0
    },
    "9,10|look_front|normal": {
      "advance": -10.0,
      "hide": 0.0,
      "attack": 0.0
    },
    "15,3|drink|attacking": {
      "advance": -0.9948462247926799,
      "hide": -0.9948462247926799,
      "attack": -0.9942735831029776
    },
    "13,5|look_front|attacking": {
      "advance": -1.9601423102203406,
      "hide": -10.899823035654572,
      "attack": -10.89854442165707
    },
    "11,7|look_right|attacking": {
      "advance": -10.744170625086403,
      "hide": -21.415562787480088,
      "attack": -22.80646344695886
    },
    "9,9|look_left|attacking": {
      "advance": -77.51274219467652,
      "hide": -90.27430670461764,
      "attack": -91.53017961498531
    },
    "16,2|drink|attacking": {
      "advance": -0.9999998767976688,
      "hide": -0.9999998767976688,
      "attack": -0.9999998767976688
    },
    "14,4|drink|attacking": {
      "advance": -0.9999999469654363,
      "hide": -0.999999941072707,
      "attack": -0.999999941072707
    },
    "10,8|drink|attacking": {
      "advance": -99.10255627196865,
      "hide": -97.17350616418992,
      "attack": -90.07612955961395
    },
    "16,2|look_left|attacking": {
      "advance": -0.9999995153074966,
      "hide": -0.9999994614527741,
      "attack": -0.9999994614527741
    },
    "14,4|look_right|attacking": {
      "advance": -0.999999941072707,
      "hide": -0.999999941072707,
      "attack": -0.999999941072707
    },
    "12,6|drink|attacking": {
      "advance": -5.73513004861287,
      "hide": -1.0000000000000981,
      "attack": -2.4141470906711064
    },