{
  "q_table": {
    "1,9|drink|normal": {
      "advance": 0.0,
      "hide": 0.0,
      "attack": 0.0
    },
    "2,10|look_front|normal": {
      "advance": 0.0,
      "hide": 0.0,
      "attack": 0.0
    },
    "3,11|drink|normal": {
      "advance": 0.0,
      "hide": 0.0,
      "attack": 0.0
    },
    "4,12|drink|normal": {
      "advance": 0.0,
      "hide": 0.0,
      "attack": 0.0
    },
    "18,0|look_left|normal": {
      "advance": -95.76088417247838,
      "hide": -0.9999999999999996,
      "attack": -0.9999999999999996
    },
    "18,0|look_right|normal": {
      "advance": -0.99999999999596,
      "hide": -0.99999999999596,
      "attack": -0.99999999999596
    },
    "17,1|look_left|normal": {
      "advance": -0.9999760947410011,
      "hide": -0.9999760947410011,
      "attack": -0.9999734386011123
    },
    "16,2|drink|normal": {
      "advance": -0.9994924712139436,
      "hide": -16.471,
      "attack": -0.9994924712139436
    },
    "15,3|look_left|normal": {
      "advance": -0.8905810108684877,
      "hide": -0.8784233454094308,
      "attack": -0.8784233454094308
    },
    "14,4|look_front|normal": {
      "advance": -0.7712320754503901,
      "hide": -9.181000000000001,
      "attack": -0.7458134171671
    },
    "13,5|look_right|normal": {
      "advance": -0.271,
      "hide": -10.090000000000002,
      "attack": -0.19
    },
    "18,0|drink|normal": {
      "advance": -0.9999999999970548,
      "hide": -0.9999999999967276,
      "attack": -0.9999999999967276
    },
    "18,0|look_left|hidden": {
      "advance": -77.123207545039,
      "hide": -0.9999999995371164,
      "attack": -0.9999999995371164
    },
    "17,1|drink|normal": {
      "advance": -0.9999885661887271,
      "hide": -0.9999885661887271,
      "attack": -0.9999872957652524
    },
    "15,3|look_front|normal": {
      "advance": -0.9353891811077333,
      "hide": -0.9282102012308148,
      "attack": -0.9282102012308148
    },
    "14,4|drink|normal": {
      "advance": -0.6125795110000001,
      "hide": -10.171000000000001,
      "attack": -0.6125795110000001
    },
    "13,5|look_front|normal": {
      "advance": -10.368559000000001,
      "hide": -10.421703100000002,
      "attack": -0.46855900000000006
    },
    "12,6|drink|normal": {
      "advance": -9.1,
      "hide": -0.19,
      "attack": -0.1
    },
    "11,7|drink|normal": {
      "advance": -10.0,
      "hide": -0.19,
      "attack": 10.0
    },
    "10,8|drink|normal": {
      "advance": -0.1,
      "hide": 0.0,
      "attack": 0.0
    },
    "9,9|look_front|normal": {
      "advance": 0.0,
      "hide": 0.0,
      "attack": 0.0
    },
    "9,10|look_left|normal": {
      "advance": 0.0,
      "hide": 0.0,
      "attack": 0.0
    },
    "18,0|look_front|normal": {
      "advance": -0.9999999999976144,
      "hide": -0.9999999999976144,
      "attack": -0.9999999999976144
    },
    "15,3|look_right|normal": {
      "advance": -0.947665236697264,
      "hide": -0.947665236697264,
      "attack": -0.947665236697264
    },
    "17,1|look_front|hidden": {
      "advance": -0.9958254420820708,
      "hide": -0.995361602313412,
      "attack": -0.995361602313412
    },
    "14,4|look_right|normal": {
      "advance": -0.6125795110000001,
      "hide": -10.243900000000002,
      "attack": -0.5695327900000001
    },
    "13,5|drink|normal": {
      "advance": -10.243900000000002,
      "hide": -4.87420489,
      "attack": -10.171000000000001
    },
    "NEXT_KEY_TODO": {
      "advance": 0.0,
      "hide": 0.0,
      "attack": 0.0
    },
    "17,1|look_front|normal": {
      "advance": -0.9999595162339772,
      "hide": -0.9999595162339772,
      "attack": -0.9999550180377524
    },
    "16,2|look_left|normal": {
      "advance": -0.9994360791266039,
      "hide": -26.43661,
      "attack": -0.9993734212517822
    },
    "13,5|look_left|normal": {
      "advance": -10.30951,
      "hide": -10.368559000000001,
      "attack": -19.0
    },
    "TERMINAL": {
      "advance": 0.0,
      "hide": 0.0,
      "attack": 0.0
    },
    "17,1|look_left|hidden": {
      "advance": -0.9966186080864774,
      "hide": -0.9966186080864774,
      "attack": -0.9966186080864774
    },
    "15,3|look_left|hidden": {
      "advance": -10.0,
      "hide": -10.0,
      "attack": -0.947665236697264
    },
    "18,0|drink|hidden": {
      "advance": -0.9999999272502554,
      "hide": -0.9999999272502554,
      "attack": -0.9999999191669505
    },
    "17,1|look_right|normal": {
      "advance": -0.9999734386011123,
      "hide": -0.9999734386011123,
      "attack": -0.9999704873345693
    },
    "16,2|look_right|normal": {
      "advance": -0.9996300115149649,
      "hide": -16.21441,
      "attack": -0.9996300115149649
    },
    "13,5|look_left|attacking": {
      "advance": -1.2995785429469269,
      "hide": -9.017689979491362,
      "attack": -10.897534965295042
    },
    "11,7|look_left|attacking": {
      "advance": -4.489247620193793,
      "hide": -11.300979444275423,
      "attack": -22.729431286050065
    },
    "9,9|look_right|attacking": {
      "advance": -95.03749202465167,
      "hide": -95.86606567019314,
      "attack": -66.80199178747166
    },
    "9,11|look_left|attacking": {
      "advance": -68.618940391,
      "hide": -65.13215599,
      "attack": -65.13215599
    },
    "16,2|look_front|attacking": {
      "advance": -0.9999999191669505,
      "hide": -0.9999999191669505,
      "attack": -0.9999999191669505
    },
    "14,4|look_left|attacking": {
      "advance": -0.9999999952995795,
      "hide": -0.9999999952995795,
      "attack": -0.9999999947773105
    },
    "12,6|look_front|attacking": {
      "advance": -10.9,
      "hide": -1.7896877056279883,
      "attack": -11.683325101019904
    },
    "10,8|look_right|attacking": {
      "advance": -80.89340107204785,
      "hide": -98.08591543841672,
      "attack": -88.0342129578315
    },
    "18,0|look_front|hidden": {
      "advance": -0.9999998478983565,
      "hide": -0.9999998309981739,
      "attack": -0.9999998309981739
    },
    "16,2|look_front|normal": {
      "advance": -0.9994360791266039,
      "hide": -19.867381743703003,
      "attack": -0.9993734212517822
    },
    "11,7|look_front|normal": {
      "advance": -0.1,
      "hide": -0.1,
      "attack": 0.0
    },
    "9,9|drink|normal": {
      "advance": -0.1,
      "hide": -10.0,
      "attack": 0.0
    },
    "9,10|look_front|normal": {
      "advance": -10.0,
      "hide": 0.0,
      "attack": 0.0
    },
    "15,3|drink|attacking": {
      "advance": -0.9958254420820708,
      "hide": -0.9958254420820708,
      "attack": -0.995361602313412
    },
    "13,5|look_front|attacking": {
      "advance": -11.599943744150629,
      "hide": -10.899823035654572,
      "attack": -6.844991495544284
    },
    "11,7|look_right|attacking": {
      "advance": -5.194545942744899,
      "hide": -21.415562787480088,
      "attack": -22.80646344695886
    },
    "9,9|look_left|attacking": {
      "advance": -79.1393492246811,
      "hide": -90.27430670461764,
      "attack": -91.53017961498531
    },
    "16,2|drink|attacking": {
      "advance": -0.9999999272502554,
      "hide": -0.9999999272502554,
      "attack": -0.9999999191669505
    },
    "14,4|drink|attacking": {
      "advance": -0.9999999718152583,
      "hide": -0.9999999686836204,
      "attack": -0.9999999686836204
    },
    "10,8|drink|attacking": {
      "advance": -99.19230064477179,
      "hide": -97.17350616418992,
      "attack": -82.07319427826828
    },
    "16,2|look_left|attacking": {
      "advance": -0.9999995637767469,
      "hide": -0.9999995637767469,
      "attack": -0.9999996073990722
    },
    "14,4|look_right|attacking": {
      "advance": -0.999999961337803,
      "hide": -0.999999961337803,
      "attack": -0.9999999570420033
    },
    "12,6|drink|attacking": {
      "advance": -5.73513004861287,
      "hide": -1.0000000000000204,
      "attack": -2.4141470906711064
    },